{
  "project_info": {
    "project_number": "905473144864",
    "firebase_url": "https://firestore-3927f-default-rtdb.europe-west1.firebasedatabase.app",
    "project_id": "firestore-3927f",
    "storage_bucket": "firestore-3927f.appspot.com"
  },
  "client": [
    {
      "client_info": {
        "mobilesdk_app_id": "1:905473144864:android:5e2a75a59f8dfa2930a445",
        "android_client_info": {
          "package_name": "com.example.firebase_1.debug"
        }
      },
      "oauth_client": [],
      "api_key": [
        {
          "current_key": "AIzaSyBiU0wSDAh8LrDrblzfAdMzs5dUqzaaTbY"
        }
      ],
      "services": {
        "appinvite_service": {
          "other_platform_oauth_client": []
        }
      }
    }
  ],
  "configuration_version": "1"
}