<?xml version="1.0" encoding="UTF-8"?>
<project-private xmlns="http://www.netbeans.org/ns/project-private/1">
    <editor-bookmarks xmlns="http://www.netbeans.org/ns/editor-bookmarks/2" lastBookmarkId="0"/>
    <open-files xmlns="http://www.netbeans.org/ns/projectui-open-files/2">
        <group>
            <file>file:/home/iglesias_nieto_rodrigo/NetBeansProjects/UD2_Iglesias_Nieto_Rodrigo_PE/UD2_Apellido1_Apellido2_Nombre_PE/src/model/Hotel.java</file>
            <file>file:/home/iglesias_nieto_rodrigo/NetBeansProjects/UD2_Iglesias_Nieto_Rodrigo_PE/UD2_Apellido1_Apellido2_Nombre_PE/src/controller/booking/BookingDialogController.java</file>
            <file>file:/home/iglesias_nieto_rodrigo/NetBeansProjects/UD2_Iglesias_Nieto_Rodrigo_PE/UD2_Apellido1_Apellido2_Nombre_PE/src/view/booking/BookingDialog.java</file>
            <file>file:/home/iglesias_nieto_rodrigo/NetBeansProjects/UD2_Iglesias_Nieto_Rodrigo_PE/UD2_Apellido1_Apellido2_Nombre_PE/src/view/booking/BookingInformationDialog.java</file>
            <file>file:/home/iglesias_nieto_rodrigo/NetBeansProjects/UD2_Iglesias_Nieto_Rodrigo_PE/UD2_Apellido1_Apellido2_Nombre_PE/src/controller/booking/BookingInformationDialogController.java</file>
            <file>file:/home/iglesias_nieto_rodrigo/NetBeansProjects/UD2_Iglesias_Nieto_Rodrigo_PE/UD2_Apellido1_Apellido2_Nombre_PE/src/model/Booking.java</file>
        </group>
    </open-files>
</project-private>
