<?xml version="1.0" encoding="UTF-8"?>
<project-private xmlns="http://www.netbeans.org/ns/project-private/1">
    <editor-bookmarks xmlns="http://www.netbeans.org/ns/editor-bookmarks/2" lastBookmarkId="0"/>
    <open-files xmlns="http://www.netbeans.org/ns/projectui-open-files/2">
        <group>
            <file>file:/home/iglnierod/NetBeansProjects/UD2_Rodrigo_Iglesias_Nieto/src/controller/reports/GenerateReportController.java</file>
            <file>file:/home/iglnierod/NetBeansProjects/UD2_Rodrigo_Iglesias_Nieto/src/main/Main.java</file>
        </group>
    </open-files>
</project-private>
