{
  "project_info": {
    "project_number": "185224587760",
    "firebase_url": "https://tresenraya-81a81-default-rtdb.europe-west1.firebasedatabase.app",
    "project_id": "tresenraya-81a81",
    "storage_bucket": "tresenraya-81a81.appspot.com"
  },
  "client": [
    {
      "client_info": {
        "mobilesdk_app_id": "1:185224587760:android:7a106134a6317b2b219535",
        "android_client_info": {
          "package_name": "com.example.tresenraya"
        }
      },
      "oauth_client": [],
      "api_key": [
        {
          "current_key": "AIzaSyAuUVoWDDxJUGWdhhk8GQ-fbu0N8xdPWlw"
        }
      ],
      "services": {
        "appinvite_service": {
          "other_platform_oauth_client": []
        }
      }
    }
  ],
  "configuration_version": "1"
}