<?xml version="1.0" encoding="UTF-8"?>
<project-private xmlns="http://www.netbeans.org/ns/project-private/1">
    <editor-bookmarks xmlns="http://www.netbeans.org/ns/editor-bookmarks/2" lastBookmarkId="0"/>
    <open-files xmlns="http://www.netbeans.org/ns/projectui-open-files/2">
        <group>
            <file>file:/X:/repos/DAM2/interfaces/UD6-Documentacion/Proyecto/UD6_Iglesias_Nieto_Rodrigo_Proyecto/UD2_Rodrigo_Iglesias_Nieto/src/controller/manageAldData/services/ManageAldComputerServicesController.java</file>
            <file>file:/X:/repos/DAM2/interfaces/UD6-Documentacion/Proyecto/UD6_Iglesias_Nieto_Rodrigo_Proyecto/UD2_Rodrigo_Iglesias_Nieto/src/controller/manageAldData/computers/ManageAldComputersController.java</file>
            <file>file:/X:/repos/DAM2/interfaces/UD6-Documentacion/Proyecto/UD6_Iglesias_Nieto_Rodrigo_Proyecto/UD2_Rodrigo_Iglesias_Nieto/src/view/aldComputerService/service/AddServiceDialog.java</file>
            <file>file:/X:/repos/DAM2/interfaces/UD6-Documentacion/Proyecto/UD6_Iglesias_Nieto_Rodrigo_Proyecto/UD2_Rodrigo_Iglesias_Nieto/src/view/aldComputerService/ManageAldComputersDialog.java</file>
            <file>file:/X:/repos/DAM2/interfaces/UD6-Documentacion/Proyecto/UD6_Iglesias_Nieto_Rodrigo_Proyecto/UD2_Rodrigo_Iglesias_Nieto/src/model/aldComputerService/service/Service.java</file>
        </group>
    </open-files>
</project-private>
