-- phpMyAdmin SQL Dump
-- version 5.2.1
-- https://www.phpmyadmin.net/
--
-- Server version: 5.7.44
-- PHP Version: 8.2.8

SET SQL_MODE = "NO_AUTO_VALUE_ON_ZERO";
START TRANSACTION;
SET time_zone = "+00:00";


/*!40101 SET @OLD_CHARACTER_SET_CLIENT=@@CHARACTER_SET_CLIENT */;
/*!40101 SET @OLD_CHARACTER_SET_RESULTS=@@CHARACTER_SET_RESULTS */;
/*!40101 SET @OLD_COLLATION_CONNECTION=@@COLLATION_CONNECTION */;
/*!40101 SET NAMES utf8mb4 */;

--
-- Database: `flights`
--

DROP DATABASE IF EXISTS flights;
CREATE DATABASE flights;

USE flights;


-- --------------------------------------------------------

--
-- Table structure for table `flights`
--

CREATE TABLE `flights` (
  `id` varchar(6) NOT NULL,
  `origin` varchar(3) NOT NULL,
  `destination` varchar(3) NOT NULL,
  `plane_id` int(11) NOT NULL
) ENGINE=InnoDB DEFAULT CHARSET=utf8;

--
-- Dumping data for table `flights`
--

INSERT INTO `flights` (`id`, `origin`, `destination`, `plane_id`) VALUES
('FL0001', 'LCG', 'SCQ', 4),
('FL0002', 'LCG', 'LEI', 16),
('FL0003', 'LCG', 'GRX', 17),
('FL0004', 'LCG', 'ACE', 14),
('FL0005', 'LCG', 'IBZ', 12),
('FL0006', 'BCN', 'SCQ', 16),
('FL0007', 'BCN', 'LEI', 7),
('FL0008', 'BCN', 'PNA', 5),
('FL0009', 'BCN', 'PMI', 10),
('FL0010', 'BCN', 'XRY', 15),
('FL0011', 'MAD', 'LPA', 19),
('FL0012', 'MAD', 'BCN', 20),
('FL0013', 'MAD', 'XRY', 17),
('FL0014', 'MAD', 'VLL', 9),
('FL0015', 'MAD', 'BJZ', 4),
('FL0016', 'AGP', 'LCG', 2),
('FL0017', 'AGP', 'TFN', 18),
('FL0018', 'AGP', 'TFS', 5),
('FL0019', 'AGP', 'GCX', 14),
('FL0020', 'AGP', 'BIO', 18),
('FL0021', 'PMI', 'AGP', 7),
('FL0022', 'PMI', 'BIO', 18),
('FL0023', 'PMI', 'GRO', 12),
('FL0024', 'PMI', 'ALC', 3),
('FL0025', 'PMI', 'BJZ', 14),
('FL0026', 'TFN', 'PNA', 10),
('FL0027', 'TFN', 'ZAZ', 6),
('FL0028', 'TFN', 'LEI', 17),
('FL0029', 'TFN', 'MAD', 5),
('FL0030', 'TFN', 'AGP', 13);

-- --------------------------------------------------------

--
-- Table structure for table `planes`
--

CREATE TABLE `planes` (
  `id` int(11) NOT NULL,
  `company` varchar(100) NOT NULL
) ENGINE=InnoDB DEFAULT CHARSET=utf8;

--
-- Dumping data for table `planes`
--

INSERT INTO `planes` (`id`, `company`) VALUES
(1, 'Ryanair'),
(2, 'United Airlines'),
(3, 'Delta Air Lines'),
(4, 'KLM Royal Dutch Airlines'),
(5, 'United Airlines'),
(6, 'United Airlines'),
(7, 'Lufthansa'),
(8, 'Vueling Airlines'),
(9, 'Wizz Air'),
(10, 'United Airlines'),
(11, 'Wizz Air'),
(12, 'Emirates'),
(13, 'easyJet'),
(14, 'British Airways'),
(15, 'Lufthansa'),
(16, 'KLM Royal Dutch Airlines'),
(17, 'Iberia'),
(18, 'Air France'),
(19, 'Ryanair'),
(20, 'United Airlines');

-- --------------------------------------------------------

--
-- Table structure for table `seats`
--

CREATE TABLE `seats` (
  `id` int(11) NOT NULL,
  `flight_id` varchar(6) NOT NULL,
  `number` smallint(6) NOT NULL,
  `assigned` tinyint(1) NOT NULL
) ENGINE=InnoDB DEFAULT CHARSET=utf8;

--
-- Dumping data for table `seats`
--

INSERT INTO `seats` (`id`, `flight_id`, `number`, `assigned`) VALUES
(1, 'FL0001', 1, 0),
(2, 'FL0001', 2, 1),
(3, 'FL0001', 3, 1),
(4, 'FL0001', 4, 0),
(5, 'FL0001', 5, 1),
(6, 'FL0001', 6, 1),
(7, 'FL0001', 7, 0),
(8, 'FL0001', 8, 1),
(9, 'FL0001', 9, 1),
(10, 'FL0001', 10, 0),
(11, 'FL0001', 11, 0),
(12, 'FL0001', 12, 0),
(13, 'FL0001', 13, 0),
(14, 'FL0001', 14, 0),
(15, 'FL0001', 15, 0),
(16, 'FL0002', 1, 0),
(17, 'FL0002', 2, 1),
(18, 'FL0002', 3, 1),
(19, 'FL0002', 4, 0),
(20, 'FL0002', 5, 0),
(21, 'FL0002', 6, 1),
(22, 'FL0002', 7, 1),
(23, 'FL0002', 8, 1),
(24, 'FL0002', 9, 1),
(25, 'FL0002', 10, 0),
(26, 'FL0002', 11, 1),
(27, 'FL0002', 12, 1),
(28, 'FL0002', 13, 1),
(29, 'FL0002', 14, 0),
(30, 'FL0002', 15, 1),
(31, 'FL0003', 1, 0),
(32, 'FL0003', 2, 1),
(33, 'FL0003', 3, 1),
(34, 'FL0003', 4, 1),
(35, 'FL0003', 5, 1),
(36, 'FL0003', 6, 1),
(37, 'FL0003', 7, 1),
(38, 'FL0003', 8, 1),
(39, 'FL0003', 9, 0),
(40, 'FL0003', 10, 0),
(41, 'FL0003', 11, 0),
(42, 'FL0003', 12, 0),
(43, 'FL0003', 13, 0),
(44, 'FL0003', 14, 1),
(45, 'FL0003', 15, 1),
(46, 'FL0004', 1, 1),
(47, 'FL0004', 2, 0),
(48, 'FL0004', 3, 0),
(49, 'FL0004', 4, 0),
(50, 'FL0004', 5, 0),
(51, 'FL0004', 6, 0),
(52, 'FL0004', 7, 0),
(53, 'FL0004', 8, 1),
(54, 'FL0004', 9, 0),
(55, 'FL0004', 10, 0),
(56, 'FL0004', 11, 0),
(57, 'FL0004', 12, 0),
(58, 'FL0004', 13, 0),
(59, 'FL0004', 14, 0),
(60, 'FL0004', 15, 1),
(61, 'FL0005', 1, 0),
(62, 'FL0005', 2, 1),
(63, 'FL0005', 3, 1),
(64, 'FL0005', 4, 1),
(65, 'FL0005', 5, 1),
(66, 'FL0005', 6, 1),
(67, 'FL0005', 7, 0),
(68, 'FL0005', 8, 1),
(69, 'FL0005', 9, 1),
(70, 'FL0005', 10, 0),
(71, 'FL0005', 11, 1),
(72, 'FL0005', 12, 0),
(73, 'FL0005', 13, 0),
(74, 'FL0005', 14, 0),
(75, 'FL0005', 15, 1),
(76, 'FL0006', 1, 1),
(77, 'FL0006', 2, 1),
(78, 'FL0006', 3, 0),
(79, 'FL0006', 4, 0),
(80, 'FL0006', 5, 1),
(81, 'FL0006', 6, 0),
(82, 'FL0006', 7, 0),
(83, 'FL0006', 8, 0),
(84, 'FL0006', 9, 1),
(85, 'FL0006', 10, 1),
(86, 'FL0006', 11, 0),
(87, 'FL0006', 12, 1),
(88, 'FL0006', 13, 0),
(89, 'FL0006', 14, 0),
(90, 'FL0006', 15, 0),
(91, 'FL0007', 1, 0),
(92, 'FL0007', 2, 0),
(93, 'FL0007', 3, 0),
(94, 'FL0007', 4, 0),
(95, 'FL0007', 5, 1),
(96, 'FL0007', 6, 1),
(97, 'FL0007', 7, 1),
(98, 'FL0007', 8, 1),
(99, 'FL0007', 9, 1),
(100, 'FL0007', 10, 1),
(101, 'FL0007', 11, 1),
(102, 'FL0007', 12, 0),
(103, 'FL0007', 13, 0),
(104, 'FL0007', 14, 1),
(105, 'FL0007', 15, 0),
(106, 'FL0008', 1, 1),
(107, 'FL0008', 2, 0),
(108, 'FL0008', 3, 1),
(109, 'FL0008', 4, 1),
(110, 'FL0008', 5, 1),
(111, 'FL0008', 6, 1),
(112, 'FL0008', 7, 0),
(113, 'FL0008', 8, 0),
(114, 'FL0008', 9, 0),
(115, 'FL0008', 10, 1),
(116, 'FL0008', 11, 1),
(117, 'FL0008', 12, 0),
(118, 'FL0008', 13, 0),
(119, 'FL0008', 14, 0),
(120, 'FL0008', 15, 0),
(121, 'FL0009', 1, 0),
(122, 'FL0009', 2, 0),
(123, 'FL0009', 3, 0),
(124, 'FL0009', 4, 1),
(125, 'FL0009', 5, 1),
(126, 'FL0009', 6, 1),
(127, 'FL0009', 7, 0),
(128, 'FL0009', 8, 1),
(129, 'FL0009', 9, 0),
(130, 'FL0009', 10, 1),
(131, 'FL0009', 11, 0),
(132, 'FL0009', 12, 1),
(133, 'FL0009', 13, 0),
(134, 'FL0009', 14, 1),
(135, 'FL0009', 15, 1),
(136, 'FL0010', 1, 0),
(137, 'FL0010', 2, 0),
(138, 'FL0010', 3, 0),
(139, 'FL0010', 4, 1),
(140, 'FL0010', 5, 0),
(141, 'FL0010', 6, 1),
(142, 'FL0010', 7, 0),
(143, 'FL0010', 8, 1),
(144, 'FL0010', 9, 1),
(145, 'FL0010', 10, 1),
(146, 'FL0010', 11, 1),
(147, 'FL0010', 12, 0),
(148, 'FL0010', 13, 0),
(149, 'FL0010', 14, 0),
(150, 'FL0010', 15, 1),
(151, 'FL0011', 1, 1),
(152, 'FL0011', 2, 1),
(153, 'FL0011', 3, 0),
(154, 'FL0011', 4, 1),
(155, 'FL0011', 5, 1),
(156, 'FL0011', 6, 1),
(157, 'FL0011', 7, 1),
(158, 'FL0011', 8, 1),
(159, 'FL0011', 9, 0),
(160, 'FL0011', 10, 1),
(161, 'FL0011', 11, 1),
(162, 'FL0011', 12, 1),
(163, 'FL0011', 13, 1),
(164, 'FL0011', 14, 0),
(165, 'FL0011', 15, 1),
(166, 'FL0012', 1, 0),
(167, 'FL0012', 2, 0),
(168, 'FL0012', 3, 1),
(169, 'FL0012', 4, 0),
(170, 'FL0012', 5, 1),
(171, 'FL0012', 6, 1),
(172, 'FL0012', 7, 0),
(173, 'FL0012', 8, 1),
(174, 'FL0012', 9, 1),
(175, 'FL0012', 10, 0),
(176, 'FL0012', 11, 1),
(177, 'FL0012', 12, 0),
(178, 'FL0012', 13, 0),
(179, 'FL0012', 14, 0),
(180, 'FL0012', 15, 0),
(181, 'FL0013', 1, 1),
(182, 'FL0013', 2, 1),
(183, 'FL0013', 3, 1),
(184, 'FL0013', 4, 0),
(185, 'FL0013', 5, 1),
(186, 'FL0013', 6, 0),
(187, 'FL0013', 7, 0),
(188, 'FL0013', 8, 1),
(189, 'FL0013', 9, 0),
(190, 'FL0013', 10, 0),
(191, 'FL0013', 11, 0),
(192, 'FL0013', 12, 0),
(193, 'FL0013', 13, 0),
(194, 'FL0013', 14, 0),
(195, 'FL0013', 15, 1),
(196, 'FL0014', 1, 1),
(197, 'FL0014', 2, 1),
(198, 'FL0014', 3, 0),
(199, 'FL0014', 4, 1),
(200, 'FL0014', 5, 0),
(201, 'FL0014', 6, 1),
(202, 'FL0014', 7, 0),
(203, 'FL0014', 8, 1),
(204, 'FL0014', 9, 1),
(205, 'FL0014', 10, 0),
(206, 'FL0014', 11, 0),
(207, 'FL0014', 12, 0),
(208, 'FL0014', 13, 1),
(209, 'FL0014', 14, 0),
(210, 'FL0014', 15, 1),
(211, 'FL0015', 1, 1),
(212, 'FL0015', 2, 1),
(213, 'FL0015', 3, 0),
(214, 'FL0015', 4, 1),
(215, 'FL0015', 5, 0),
(216, 'FL0015', 6, 1),
(217, 'FL0015', 7, 0),
(218, 'FL0015', 8, 1),
(219, 'FL0015', 9, 1),
(220, 'FL0015', 10, 0),
(221, 'FL0015', 11, 1),
(222, 'FL0015', 12, 0),
(223, 'FL0015', 13, 1),
(224, 'FL0015', 14, 1),
(225, 'FL0015', 15, 0),
(226, 'FL0016', 1, 0),
(227, 'FL0016', 2, 1),
(228, 'FL0016', 3, 0),
(229, 'FL0016', 4, 0),
(230, 'FL0016', 5, 1),
(231, 'FL0016', 6, 0),
(232, 'FL0016', 7, 1),
(233, 'FL0016', 8, 1),
(234, 'FL0016', 9, 1),
(235, 'FL0016', 10, 1),
(236, 'FL0016', 11, 0),
(237, 'FL0016', 12, 1),
(238, 'FL0016', 13, 0),
(239, 'FL0016', 14, 0),
(240, 'FL0016', 15, 1),
(241, 'FL0017', 1, 0),
(242, 'FL0017', 2, 0),
(243, 'FL0017', 3, 0),
(244, 'FL0017', 4, 0),
(245, 'FL0017', 5, 0),
(246, 'FL0017', 6, 0),
(247, 'FL0017', 7, 0),
(248, 'FL0017', 8, 1),
(249, 'FL0017', 9, 1),
(250, 'FL0017', 10, 1),
(251, 'FL0017', 11, 0),
(252, 'FL0017', 12, 0),
(253, 'FL0017', 13, 0),
(254, 'FL0017', 14, 0),
(255, 'FL0017', 15, 0),
(256, 'FL0018', 1, 0),
(257, 'FL0018', 2, 0),
(258, 'FL0018', 3, 0),
(259, 'FL0018', 4, 0),
(260, 'FL0018', 5, 0),
(261, 'FL0018', 6, 0),
(262, 'FL0018', 7, 0),
(263, 'FL0018', 8, 1),
(264, 'FL0018', 9, 1),
(265, 'FL0018', 10, 0),
(266, 'FL0018', 11, 0),
(267, 'FL0018', 12, 1),
(268, 'FL0018', 13, 0),
(269, 'FL0018', 14, 1),
(270, 'FL0018', 15, 1),
(271, 'FL0019', 1, 1),
(272, 'FL0019', 2, 1),
(273, 'FL0019', 3, 0),
(274, 'FL0019', 4, 0),
(275, 'FL0019', 5, 1),
(276, 'FL0019', 6, 1),
(277, 'FL0019', 7, 0),
(278, 'FL0019', 8, 1),
(279, 'FL0019', 9, 0),
(280, 'FL0019', 10, 0),
(281, 'FL0019', 11, 0),
(282, 'FL0019', 12, 0),
(283, 'FL0019', 13, 0),
(284, 'FL0019', 14, 1),
(285, 'FL0019', 15, 0),
(286, 'FL0020', 1, 1),
(287, 'FL0020', 2, 0),
(288, 'FL0020', 3, 0),
(289, 'FL0020', 4, 0),
(290, 'FL0020', 5, 0),
(291, 'FL0020', 6, 0),
(292, 'FL0020', 7, 1),
(293, 'FL0020', 8, 0),
(294, 'FL0020', 9, 0),
(295, 'FL0020', 10, 0),
(296, 'FL0020', 11, 1),
(297, 'FL0020', 12, 0),
(298, 'FL0020', 13, 0),
(299, 'FL0020', 14, 1),
(300, 'FL0020', 15, 0),
(301, 'FL0021', 1, 0),
(302, 'FL0021', 2, 0),
(303, 'FL0021', 3, 1),
(304, 'FL0021', 4, 0),
(305, 'FL0021', 5, 1),
(306, 'FL0021', 6, 0),
(307, 'FL0021', 7, 1),
(308, 'FL0021', 8, 1),
(309, 'FL0021', 9, 1),
(310, 'FL0021', 10, 0),
(311, 'FL0021', 11, 1),
(312, 'FL0021', 12, 0),
(313, 'FL0021', 13, 0),
(314, 'FL0021', 14, 1),
(315, 'FL0021', 15, 0),
(316, 'FL0022', 1, 1),
(317, 'FL0022', 2, 0),
(318, 'FL0022', 3, 0),
(319, 'FL0022', 4, 0),
(320, 'FL0022', 5, 1),
(321, 'FL0022', 6, 0),
(322, 'FL0022', 7, 0),
(323, 'FL0022', 8, 1),
(324, 'FL0022', 9, 1),
(325, 'FL0022', 10, 1),
(326, 'FL0022', 11, 1),
(327, 'FL0022', 12, 1),
(328, 'FL0022', 13, 0),
(329, 'FL0022', 14, 1),
(330, 'FL0022', 15, 1),
(331, 'FL0023', 1, 1),
(332, 'FL0023', 2, 0),
(333, 'FL0023', 3, 0),
(334, 'FL0023', 4, 1),
(335, 'FL0023', 5, 1),
(336, 'FL0023', 6, 1),
(337, 'FL0023', 7, 1),
(338, 'FL0023', 8, 0),
(339, 'FL0023', 9, 0),
(340, 'FL0023', 10, 1),
(341, 'FL0023', 11, 1),
(342, 'FL0023', 12, 1),
(343, 'FL0023', 13, 1),
(344, 'FL0023', 14, 1),
(345, 'FL0023', 15, 0),
(346, 'FL0024', 1, 1),
(347, 'FL0024', 2, 0),
(348, 'FL0024', 3, 1),
(349, 'FL0024', 4, 0),
(350, 'FL0024', 5, 0),
(351, 'FL0024', 6, 1),
(352, 'FL0024', 7, 1),
(353, 'FL0024', 8, 0),
(354, 'FL0024', 9, 0),
(355, 'FL0024', 10, 0),
(356, 'FL0024', 11, 0),
(357, 'FL0024', 12, 0),
(358, 'FL0024', 13, 0),
(359, 'FL0024', 14, 0),
(360, 'FL0024', 15, 1),
(361, 'FL0025', 1, 0),
(362, 'FL0025', 2, 1),
(363, 'FL0025', 3, 0),
(364, 'FL0025', 4, 0),
(365, 'FL0025', 5, 1),
(366, 'FL0025', 6, 1),
(367, 'FL0025', 7, 1),
(368, 'FL0025', 8, 0),
(369, 'FL0025', 9, 1),
(370, 'FL0025', 10, 1),
(371, 'FL0025', 11, 1),
(372, 'FL0025', 12, 0),
(373, 'FL0025', 13, 0),
(374, 'FL0025', 14, 1),
(375, 'FL0025', 15, 1),
(376, 'FL0026', 1, 0),
(377, 'FL0026', 2, 1),
(378, 'FL0026', 3, 0),
(379, 'FL0026', 4, 0),
(380, 'FL0026', 5, 0),
(381, 'FL0026', 6, 1),
(382, 'FL0026', 7, 0),
(383, 'FL0026', 8, 1),
(384, 'FL0026', 9, 0),
(385, 'FL0026', 10, 1),
(386, 'FL0026', 11, 1),
(387, 'FL0026', 12, 0),
(388, 'FL0026', 13, 0),
(389, 'FL0026', 14, 0),
(390, 'FL0026', 15, 1),
(391, 'FL0027', 1, 0),
(392, 'FL0027', 2, 1),
(393, 'FL0027', 3, 0),
(394, 'FL0027', 4, 1),
(395, 'FL0027', 5, 1),
(396, 'FL0027', 6, 1),
(397, 'FL0027', 7, 1),
(398, 'FL0027', 8, 1),
(399, 'FL0027', 9, 1),
(400, 'FL0027', 10, 1),
(401, 'FL0027', 11, 1),
(402, 'FL0027', 12, 0),
(403, 'FL0027', 13, 0),
(404, 'FL0027', 14, 0),
(405, 'FL0027', 15, 0),
(406, 'FL0028', 1, 0),
(407, 'FL0028', 2, 1),
(408, 'FL0028', 3, 0),
(409, 'FL0028', 4, 1),
(410, 'FL0028', 5, 0),
(411, 'FL0028', 6, 0),
(412, 'FL0028', 7, 1),
(413, 'FL0028', 8, 1),
(414, 'FL0028', 9, 1),
(415, 'FL0028', 10, 0),
(416, 'FL0028', 11, 1),
(417, 'FL0028', 12, 1),
(418, 'FL0028', 13, 0),
(419, 'FL0028', 14, 0),
(420, 'FL0028', 15, 0),
(421, 'FL0029', 1, 1),
(422, 'FL0029', 2, 1),
(423, 'FL0029', 3, 1),
(424, 'FL0029', 4, 0),
(425, 'FL0029', 5, 0),
(426, 'FL0029', 6, 1),
(427, 'FL0029', 7, 1),
(428, 'FL0029', 8, 1),
(429, 'FL0029', 9, 1),
(430, 'FL0029', 10, 0),
(431, 'FL0029', 11, 1),
(432, 'FL0029', 12, 1),
(433, 'FL0029', 13, 0),
(434, 'FL0029', 14, 1),
(435, 'FL0029', 15, 0),
(436, 'FL0030', 1, 1),
(437, 'FL0030', 2, 1),
(438, 'FL0030', 3, 1),
(439, 'FL0030', 4, 0),
(440, 'FL0030', 5, 1),
(441, 'FL0030', 6, 1),
(442, 'FL0030', 7, 1),
(443, 'FL0030', 8, 0),
(444, 'FL0030', 9, 1),
(445, 'FL0030', 10, 0),
(446, 'FL0030', 11, 0),
(447, 'FL0030', 12, 0),
(448, 'FL0030', 13, 1),
(449, 'FL0030', 14, 0),
(450, 'FL0030', 15, 0);

--
-- Indexes for dumped tables
--

--
-- Indexes for table `planes`
--
ALTER TABLE `planes`
  ADD PRIMARY KEY (`id`);

--
-- Indexes for table `seats`
--
ALTER TABLE `seats`
  ADD PRIMARY KEY (`id`);

--
-- AUTO_INCREMENT for dumped tables
--

--
-- AUTO_INCREMENT for table `planes`
--
ALTER TABLE `planes`
  MODIFY `id` int(11) NOT NULL AUTO_INCREMENT, AUTO_INCREMENT=21;

--
-- AUTO_INCREMENT for table `seats`
--
ALTER TABLE `seats`
  MODIFY `id` int(11) NOT NULL AUTO_INCREMENT, AUTO_INCREMENT=451;
COMMIT;

/*!40101 SET CHARACTER_SET_CLIENT=@OLD_CHARACTER_SET_CLIENT */;
/*!40101 SET CHARACTER_SET_RESULTS=@OLD_CHARACTER_SET_RESULTS */;
/*!40101 SET COLLATION_CONNECTION=@OLD_COLLATION_CONNECTION */;
